Site,Label,Concepticon_ID,Concepticon_Gloss
1,I,1209,I
2,I,1209,I
3,I,1209,I
4,all,98,ALL
5,all,98,ALL
6,all,98,ALL
7,all,98,ALL
8,all,98,ALL
9,all,98,ALL
10,all,98,ALL
11,all,98,ALL
12,all,98,ALL
13,all,98,ALL
14,all,98,ALL
15,all,98,ALL
16,all,98,ALL
17,all,98,ALL
18,all,98,ALL
19,all,98,ALL
20,and,1577,AND
21,and,1577,AND
22,and,1577,AND
23,and,1577,AND
24,and,1577,AND
25,and,1577,AND
26,and,1577,AND
27,and,1577,AND
28,and,1577,AND
29,and,1577,AND
30,and,1577,AND
31,and,1577,AND
32,and,1577,AND
33,and,1577,AND
34,and,1577,AND
35,and,1577,AND
36,and,1577,AND
37,and,1577,AND
38,and,1577,AND
39,and,1577,AND
40,and,1577,AND
41,animal,619,ANIMAL
42,animal,619,ANIMAL
43,animal,619,ANIMAL
44,animal,619,ANIMAL
45,animal,619,ANIMAL
46,animal,619,ANIMAL
47,animal,619,ANIMAL
48,animal,619,ANIMAL
49,animal,619,ANIMAL
50,animal,619,ANIMAL
51,animal,619,ANIMAL
52,animal,619,ANIMAL
53,animal,619,ANIMAL
54,animal,619,ANIMAL
55,ashes,646,ASH
56,ashes,646,ASH
57,ashes,646,ASH
58,ashes,646,ASH
59,ashes,646,ASH
60,ashes,646,ASH
61,ashes,646,ASH
62,ashes,646,ASH
63,ashes,646,ASH
64,ashes,646,ASH
65,ashes,646,ASH
66,ashes,646,ASH
67,ashes,646,ASH
68,ashes,646,ASH
69,ashes,646,ASH
70,ashes,646,ASH
71,ashes,646,ASH
72,back,1291,BACK
73,back,1291,BACK
74,back,1291,BACK
75,back,1291,BACK
76,back,1291,BACK
77,back,1291,BACK
78,back,1291,BACK
79,back,1291,BACK
80,back,1291,BACK
81,back,1291,BACK
82,back,1291,BACK
83,back,1291,BACK
84,back,1291,BACK
85,back,1291,BACK
86,back,1291,BACK
87,back,1291,BACK
88,back,1291,BACK
89,back,1291,BACK
90,back,1291,BACK
91,back,1291,BACK
92,back,1291,BACK
93,back,1291,BACK
94,back,1291,BACK
95,back,1291,BACK
96,back,1291,BACK
97,back,1291,BACK
98,back,1291,BACK
99,bad,1292,BAD
100,bad,1292,BAD
101,bad,1292,BAD
102,bad,1292,BAD
103,bad,1292,BAD
104,bad,1292,BAD
105,bad,1292,BAD
106,bad,1292,BAD
107,bad,1292,BAD
108,bad,1292,BAD
109,bad,1292,BAD
110,bad,1292,BAD
111,bad,1292,BAD
112,bad,1292,BAD
113,bad,1292,BAD
114,bad,1292,BAD
115,bad,1292,BAD
116,bad,1292,BAD
117,bad,1292,BAD
118,bad,1292,BAD
119,bad,1292,BAD
120,bad,1292,BAD
121,bad,1292,BAD
122,bad,1292,BAD
123,bad,1292,BAD
124,bad,1292,BAD
125,bad,1292,BAD
126,bad,1292,BAD
127,bad,1292,BAD
128,bad,1292,BAD
129,bad,1292,BAD
130,bad,1292,BAD
131,bad,1292,BAD
132,bad,1292,BAD
133,bad,1292,BAD
134,bad,1292,BAD
135,because,1157,BECAUSE
136,because,1157,BECAUSE
137,because,1157,BECAUSE
138,because,1157,BECAUSE
139,because,1157,BECAUSE
140,because,1157,BECAUSE
141,because,1157,BECAUSE
142,because,1157,BECAUSE
143,because,1157,BECAUSE
144,because,1157,BECAUSE
145,because,1157,BECAUSE
146,because,1157,BECAUSE
147,because,1157,BECAUSE
148,because,1157,BECAUSE
149,because,1157,BECAUSE
150,because,1157,BECAUSE
151,because,1157,BECAUSE
152,because,1157,BECAUSE
153,because,1157,BECAUSE
154,because,1157,BECAUSE
155,because,1157,BECAUSE
156,because,1157,BECAUSE
157,because,1157,BECAUSE
158,because,1157,BECAUSE
159,because,1157,BECAUSE
160,because,1157,BECAUSE
161,because,1157,BECAUSE
162,because,1157,BECAUSE
163,because,1157,BECAUSE
164,because,1157,BECAUSE
165,because,1157,BECAUSE
166,because,1157,BECAUSE
167,because,1157,BECAUSE
168,because,1157,BECAUSE
169,because,1157,BECAUSE
170,belly,1251,BELLY
171,belly,1251,BELLY
172,belly,1251,BELLY
173,belly,1251,BELLY
174,belly,1251,BELLY
175,belly,1251,BELLY
176,belly,1251,BELLY
177,belly,1251,BELLY
178,belly,1251,BELLY
179,belly,1251,BELLY
180,belly,1251,BELLY
181,belly,1251,BELLY
182,belly,1251,BELLY
183,belly,1251,BELLY
184,belly,1251,BELLY
185,belly,1251,BELLY
186,belly,1251,BELLY
187,belly,1251,BELLY
188,belly,1251,BELLY
189,belly,1251,BELLY
190,belly,1251,BELLY
191,belly,1251,BELLY
192,belly,1251,BELLY
193,belly,1251,BELLY
194,big,1202,BIG
195,big,1202,BIG
196,big,1202,BIG
197,big,1202,BIG
198,big,1202,BIG
199,big,1202,BIG
200,big,1202,BIG
201,big,1202,BIG
202,big,1202,BIG
203,big,1202,BIG
204,big,1202,BIG
205,big,1202,BIG
206,big,1202,BIG
207,big,1202,BIG
208,big,1202,BIG
209,big,1202,BIG
210,big,1202,BIG
211,big,1202,BIG
212,bird,937,BIRD
213,bird,937,BIRD
214,bird,937,BIRD
215,bird,937,BIRD
216,bird,937,BIRD
217,bird,937,BIRD
218,bird,937,BIRD
219,bird,937,BIRD
220,bird,937,BIRD
221,bird,937,BIRD
222,bird,937,BIRD
223,bird,937,BIRD
224,bird,937,BIRD
225,bird,937,BIRD
226,bird,937,BIRD
227,bite,1403,BITE
228,bite,1403,BITE
229,bite,1403,BITE
230,bite,1403,BITE
231,bite,1403,BITE
232,bite,1403,BITE
233,bite,1403,BITE
234,bite,1403,BITE
235,bite,1403,BITE
236,bite,1403,BITE
237,bite,1403,BITE
238,bite,1403,BITE
239,bite,1403,BITE
240,bite,1403,BITE
241,bite,1403,BITE
242,bite,1403,BITE
243,bite,1403,BITE
244,bite,1403,BITE
245,bite,1403,BITE
246,bite,1403,BITE
247,bite,1403,BITE
248,black,163,BLACK
249,black,163,BLACK
250,black,163,BLACK
251,black,163,BLACK
252,black,163,BLACK
253,black,163,BLACK
254,black,163,BLACK
255,black,163,BLACK
256,black,163,BLACK
257,black,163,BLACK
258,black,163,BLACK
259,black,163,BLACK
260,black,163,BLACK
261,black,163,BLACK
262,black,163,BLACK
263,blood,946,BLOOD
264,blood,946,BLOOD
265,blood,946,BLOOD
266,blood,946,BLOOD
267,blood,946,BLOOD
268,blood,946,BLOOD
269,blood,946,BLOOD
270,blood,946,BLOOD
271,blood,946,BLOOD
272,blood,946,BLOOD
273,blood,946,BLOOD
274,blood,946,BLOOD
275,bone,1394,BONE
276,bone,1394,BONE
277,bone,1394,BONE
278,bone,1394,BONE
279,bone,1394,BONE
280,bone,1394,BONE
281,bone,1394,BONE
282,bone,1394,BONE
283,bone,1394,BONE
284,breathe,1407,BREATHE
285,breathe,1407,BREATHE
286,breathe,1407,BREATHE
287,breathe,1407,BREATHE
288,breathe,1407,BREATHE
289,breathe,1407,BREATHE
290,breathe,1407,BREATHE
291,breathe,1407,BREATHE
292,breathe,1407,BREATHE
293,breathe,1407,BREATHE
294,breathe,1407,BREATHE
295,breathe,1407,BREATHE
296,breathe,1407,BREATHE
297,breathe,1407,BREATHE
298,breathe,1407,BREATHE
299,burn,2102,BURN
300,burn,2102,BURN
301,burn,2102,BURN
302,burn,2102,BURN
303,burn,2102,BURN
304,burn,2102,BURN
305,burn,2102,BURN
306,burn,2102,BURN
307,burn,2102,BURN
308,burn,2102,BURN
309,burn,2102,BURN
310,burn,2102,BURN
311,burn,2102,BURN
312,burn,2102,BURN
313,burn,2102,BURN
314,burn,2102,BURN
315,burn,2102,BURN
316,burn,2102,BURN
317,burn,2102,BURN
318,burn,2102,BURN
319,burn,2102,BURN
320,child,2099,CHILD
321,child,2099,CHILD
322,child,2099,CHILD
323,child,2099,CHILD
324,child,2099,CHILD
325,child,2099,CHILD
326,child,2099,CHILD
327,child,2099,CHILD
328,child,2099,CHILD
329,child,2099,CHILD
330,child,2099,CHILD
331,child,2099,CHILD
332,child,2099,CHILD
333,child,2099,CHILD
334,child,2099,CHILD
335,child,2099,CHILD
336,child,2099,CHILD
337,child,2099,CHILD
338,child,2099,CHILD
339,child,2099,CHILD
340,child,2099,CHILD
341,child,2099,CHILD
342,child,2099,CHILD
343,child,2099,CHILD
344,child,2099,CHILD
345,child,2099,CHILD
346,child,2099,CHILD
347,child,2099,CHILD
348,child,2099,CHILD
349,child,2099,CHILD
350,child,2099,CHILD
351,child,2099,CHILD
352,child,2099,CHILD
353,child,2099,CHILD
354,child,2099,CHILD
355,child,2099,CHILD
356,child,2099,CHILD
357,child,2099,CHILD
358,child,2099,CHILD
359,cloud,1489,CLOUD
360,cloud,1489,CLOUD
361,cloud,1489,CLOUD
362,cloud,1489,CLOUD
363,cloud,1489,CLOUD
364,cloud,1489,CLOUD
365,cloud,1489,CLOUD
366,cloud,1489,CLOUD
367,cloud,1489,CLOUD
368,cloud,1489,CLOUD
369,cloud,1489,CLOUD
370,cloud,1489,CLOUD
371,cloud,1489,CLOUD
372,cloud,1489,CLOUD
373,cloud,1489,CLOUD
374,cloud,1489,CLOUD
375,cold,1287,COLD
376,cold,1287,COLD
377,cold,1287,COLD
378,cold,1287,COLD
379,cold,1287,COLD
380,cold,1287,COLD
381,cold,1287,COLD
382,cold,1287,COLD
383,cold,1287,COLD
384,cold,1287,COLD
385,cold,1287,COLD
386,cold,1287,COLD
387,cold,1287,COLD
388,cold,1287,COLD
389,cold,1287,COLD
390,cold,1287,COLD
391,cold,1287,COLD
392,cold,1287,COLD
393,come,1446,COME
394,come,1446,COME
395,come,1446,COME
396,come,1446,COME
397,come,1446,COME
398,come,1446,COME
399,come,1446,COME
400,come,1446,COME
401,come,1446,COME
402,come,1446,COME
403,come,1446,COME
404,come,1446,COME
405,cut,1432,CUT
406,cut,1432,CUT
407,cut,1432,CUT
408,cut,1432,CUT
409,cut,1432,CUT
410,cut,1432,CUT
411,cut,1432,CUT
412,cut,1432,CUT
413,cut,1432,CUT
414,cut,1432,CUT
415,cut,1432,CUT
416,cut,1432,CUT
417,cut,1432,CUT
418,cut,1432,CUT
419,cut,1432,CUT
420,cut,1432,CUT
421,cut,1432,CUT
422,cut,1432,CUT
423,cut,1432,CUT
424,cut,1432,CUT
425,cut,1432,CUT
426,cut,1432,CUT
427,cut,1432,CUT
428,day,1225,DAY (NOT NIGHT)
429,day,1225,DAY (NOT NIGHT)
430,day,1225,DAY (NOT NIGHT)
431,day,1225,DAY (NOT NIGHT)
432,day,1225,DAY (NOT NIGHT)
433,day,1225,DAY (NOT NIGHT)
434,day,1225,DAY (NOT NIGHT)
435,day,1225,DAY (NOT NIGHT)
436,day,1225,DAY (NOT NIGHT)
437,day,1225,DAY (NOT NIGHT)
438,die,1494,DIE
439,die,1494,DIE
440,die,1494,DIE
441,die,1494,DIE
442,die,1494,DIE
443,die,1494,DIE
444,die,1494,DIE
445,die,1494,DIE
446,die,1494,DIE
447,die,1494,DIE
448,die,1494,DIE
449,die,1494,DIE
450,die,1494,DIE
451,die,1494,DIE
452,dig,1418,DIG
453,dig,1418,DIG
454,dig,1418,DIG
455,dig,1418,DIG
456,dig,1418,DIG
457,dig,1418,DIG
458,dig,1418,DIG
459,dig,1418,DIG
460,dig,1418,DIG
461,dig,1418,DIG
462,dig,1418,DIG
463,dig,1418,DIG
464,dig,1418,DIG
465,dig,1418,DIG
466,dig,1418,DIG
467,dig,1418,DIG
468,dig,1418,DIG
469,dig,1418,DIG
470,dig,1418,DIG
471,dig,1418,DIG
472,dig,1418,DIG
473,dig,1418,DIG
474,dig,1418,DIG
475,dig,1418,DIG
476,dog,2009,DOG
477,dog,2009,DOG
478,dog,2009,DOG
479,dog,2009,DOG
480,dog,2009,DOG
481,dog,2009,DOG
482,dog,2009,DOG
483,dog,2009,DOG
484,dog,2009,DOG
485,dog,2009,DOG
486,dog,2009,DOG
487,dog,2009,DOG
488,drink,1401,DRINK
489,drink,1401,DRINK
490,drink,1401,DRINK
491,drink,1401,DRINK
492,drink,1401,DRINK
493,drink,1401,DRINK
494,drink,1401,DRINK
495,dry,1398,DRY
496,dry,1398,DRY
497,dry,1398,DRY
498,dry,1398,DRY
499,dry,1398,DRY
500,dry,1398,DRY
501,dry,1398,DRY
502,dry,1398,DRY
503,dry,1398,DRY
504,dry,1398,DRY
505,dry,1398,DRY
506,dry,1398,DRY
507,dry,1398,DRY
508,ear,1247,EAR
509,ear,1247,EAR
510,ear,1247,EAR
511,ear,1247,EAR
512,ear,1247,EAR
513,earth,1228,EARTH (SOIL)
514,earth,1228,EARTH (SOIL)
515,earth,1228,EARTH (SOIL)
516,earth,1228,EARTH (SOIL)
517,earth,1228,EARTH (SOIL)
518,earth,1228,EARTH (SOIL)
519,earth,1228,EARTH (SOIL)
520,earth,1228,EARTH (SOIL)
521,earth,1228,EARTH (SOIL)
522,earth,1228,EARTH (SOIL)
523,earth,1228,EARTH (SOIL)
524,earth,1228,EARTH (SOIL)
525,earth,1228,EARTH (SOIL)
526,earth,1228,EARTH (SOIL)
527,earth,1228,EARTH (SOIL)
528,earth,1228,EARTH (SOIL)
529,earth,1228,EARTH (SOIL)
530,earth,1228,EARTH (SOIL)
531,earth,1228,EARTH (SOIL)
532,earth,1228,EARTH (SOIL)
533,earth,1228,EARTH (SOIL)
534,earth,1228,EARTH (SOIL)
535,earth,1228,EARTH (SOIL)
536,eat,1336,EAT
537,eat,1336,EAT
538,eat,1336,EAT
539,eat,1336,EAT
540,eat,1336,EAT
541,eat,1336,EAT
542,eat,1336,EAT
543,eat,1336,EAT
544,eat,1336,EAT
545,eat,1336,EAT
546,eat,1336,EAT
547,eat,1336,EAT
548,eat,1336,EAT
549,eat,1336,EAT
550,eat,1336,EAT
551,eye,1248,EYE
552,eye,1248,EYE
553,eye,1248,EYE
554,eye,1248,EYE
555,eye,1248,EYE
556,eye,1248,EYE
557,fall,1280,FALL
558,fall,1280,FALL
559,fall,1280,FALL
560,fall,1280,FALL
561,fall,1280,FALL
562,fall,1280,FALL
563,fall,1280,FALL
564,fall,1280,FALL
565,fall,1280,FALL
566,fall,1280,FALL
567,fall,1280,FALL
568,fall,1280,FALL
569,fall,1280,FALL
570,fall,1280,FALL
571,fall,1280,FALL
572,fall,1280,FALL
573,fall,1280,FALL
574,fall,1280,FALL
575,fall,1280,FALL
576,fall,1280,FALL
577,fall,1280,FALL
578,fall,1280,FALL
579,far,1406,FAR
580,far,1406,FAR
581,far,1406,FAR
582,far,1406,FAR
583,far,1406,FAR
584,far,1406,FAR
585,far,1406,FAR
586,far,1406,FAR
587,far,1406,FAR
588,far,1406,FAR
589,far,1406,FAR
590,far,1406,FAR
591,far,1406,FAR
592,far,1406,FAR
593,far,1406,FAR
594,far,1406,FAR
595,far,1406,FAR
596,far,1406,FAR
597,far,1406,FAR
598,fat,1282,FAT (FROM ANIMALS)
599,fat,1282,FAT (FROM ANIMALS)
600,fat,1282,FAT (FROM ANIMALS)
601,fat,1282,FAT (FROM ANIMALS)
602,fat,1282,FAT (FROM ANIMALS)
603,fat,1282,FAT (FROM ANIMALS)
604,fat,1282,FAT (FROM ANIMALS)
605,fat,1282,FAT (FROM ANIMALS)
606,fat,1282,FAT (FROM ANIMALS)
607,fat,1282,FAT (FROM ANIMALS)
608,fat,1282,FAT (FROM ANIMALS)
609,fat,1282,FAT (FROM ANIMALS)
610,fat,1282,FAT (FROM ANIMALS)
611,fat,1282,FAT (FROM ANIMALS)
612,fat,1282,FAT (FROM ANIMALS)
613,fat,1282,FAT (FROM ANIMALS)
614,fat,1282,FAT (FROM ANIMALS)
615,fat,1282,FAT (FROM ANIMALS)
616,fat,1282,FAT (FROM ANIMALS)
617,fat,1282,FAT (FROM ANIMALS)
618,fat,1282,FAT (FROM ANIMALS)
619,fat,1282,FAT (FROM ANIMALS)
620,fat,1282,FAT (FROM ANIMALS)
621,fat,1282,FAT (FROM ANIMALS)
622,fear,1419,FEAR (BE AFRAID)
623,fear,1419,FEAR (BE AFRAID)
624,fear,1419,FEAR (BE AFRAID)
625,fear,1419,FEAR (BE AFRAID)
626,fear,1419,FEAR (BE AFRAID)
627,fear,1419,FEAR (BE AFRAID)
628,fear,1419,FEAR (BE AFRAID)
629,fear,1419,FEAR (BE AFRAID)
630,fear,1419,FEAR (BE AFRAID)
631,fear,1419,FEAR (BE AFRAID)
632,fear,1419,FEAR (BE AFRAID)
633,fear,1419,FEAR (BE AFRAID)
634,fear,1419,FEAR (BE AFRAID)
635,fear,1419,FEAR (BE AFRAID)
636,fear,1419,FEAR (BE AFRAID)
637,fear,1419,FEAR (BE AFRAID)
638,fear,1419,FEAR (BE AFRAID)
639,fear,1419,FEAR (BE AFRAID)
640,few,1242,FEW
641,few,1242,FEW
642,few,1242,FEW
643,few,1242,FEW
644,few,1242,FEW
645,few,1242,FEW
646,few,1242,FEW
647,few,1242,FEW
648,few,1242,FEW
649,few,1242,FEW
650,few,1242,FEW
651,few,1242,FEW
652,few,1242,FEW
653,few,1242,FEW
654,few,1242,FEW
655,few,1242,FEW
656,few,1242,FEW
657,few,1242,FEW
658,few,1242,FEW
659,few,1242,FEW
660,few,1242,FEW
661,few,1242,FEW
662,fight,1423,FIGHT
663,fight,1423,FIGHT
664,fight,1423,FIGHT
665,fight,1423,FIGHT
666,fight,1423,FIGHT
667,fight,1423,FIGHT
668,fight,1423,FIGHT
669,fight,1423,FIGHT
670,fight,1423,FIGHT
671,fight,1423,FIGHT
672,fight,1423,FIGHT
673,fight,1423,FIGHT
674,fight,1423,FIGHT
675,fight,1423,FIGHT
676,fight,1423,FIGHT
677,fight,1423,FIGHT
678,fight,1423,FIGHT
679,fight,1423,FIGHT
680,fight,1423,FIGHT
681,fight,1423,FIGHT
682,fight,1423,FIGHT
683,fight,1423,FIGHT
684,fight,1423,FIGHT
685,fight,1423,FIGHT
686,fight,1423,FIGHT
687,fight,1423,FIGHT
688,fight,1423,FIGHT
689,fight,1423,FIGHT
690,fight,1423,FIGHT
691,fight,1423,FIGHT
692,fight,1423,FIGHT
693,fight,1423,FIGHT
694,fight,1423,FIGHT
695,fight,1423,FIGHT
696,fight,1423,FIGHT
697,fire,221,FIRE
698,fire,221,FIRE
699,fire,221,FIRE
700,fire,221,FIRE
701,fire,221,FIRE
702,fire,221,FIRE
703,fire,221,FIRE
704,fire,221,FIRE
705,fire,221,FIRE
706,fire,221,FIRE
707,fire,221,FIRE
708,fire,221,FIRE
709,fire,221,FIRE
710,fire,221,FIRE
711,fire,221,FIRE
712,fire,221,FIRE
713,fire,221,FIRE
714,fish,227,FISH
715,fish,227,FISH
716,fish,227,FISH
717,fish,227,FISH
718,fish,227,FISH
719,fish,227,FISH
720,fish,227,FISH
721,fish,227,FISH
722,five,493,FIVE
723,flow,2003,FLOW
724,flow,2003,FLOW
725,flow,2003,FLOW
726,flow,2003,FLOW
727,flow,2003,FLOW
728,flow,2003,FLOW
729,flow,2003,FLOW
730,flow,2003,FLOW
731,flow,2003,FLOW
732,flow,2003,FLOW
733,flow,2003,FLOW
734,flow,2003,FLOW
735,flow,2003,FLOW
736,flow,2003,FLOW
737,flow,2003,FLOW
738,flow,2003,FLOW
739,flow,2003,FLOW
740,flower,239,FLOWER
741,flower,239,FLOWER
742,flower,239,FLOWER
743,flower,239,FLOWER
744,flower,239,FLOWER
745,flower,239,FLOWER
746,flower,239,FLOWER
747,flower,239,FLOWER
748,flower,239,FLOWER
749,flower,239,FLOWER
750,flower,239,FLOWER
751,flower,239,FLOWER
752,flower,239,FLOWER
753,flower,239,FLOWER
754,fly,1441,FLY (MOVE THROUGH AIR)
755,fly,1441,FLY (MOVE THROUGH AIR)
756,fly,1441,FLY (MOVE THROUGH AIR)
757,fly,1441,FLY (MOVE THROUGH AIR)
758,fly,1441,FLY (MOVE THROUGH AIR)
759,fly,1441,FLY (MOVE THROUGH AIR)
760,fly,1441,FLY (MOVE THROUGH AIR)
761,fly,1441,FLY (MOVE THROUGH AIR)
762,fly,1441,FLY (MOVE THROUGH AIR)
763,fly,1441,FLY (MOVE THROUGH AIR)
764,foot,1301,FOOT
765,foot,1301,FOOT
766,foot,1301,FOOT
767,foot,1301,FOOT
768,foot,1301,FOOT
769,foot,1301,FOOT
770,foot,1301,FOOT
771,foot,1301,FOOT
772,foot,1301,FOOT
773,foot,1301,FOOT
774,foot,1301,FOOT
775,foot,1301,FOOT
776,four,1500,FOUR
777,four,1500,FOUR
778,give,1447,GIVE
779,give,1447,GIVE
780,give,1447,GIVE
781,give,1447,GIVE
782,give,1447,GIVE
783,give,1447,GIVE
784,give,1447,GIVE
785,good,1035,GOOD
786,good,1035,GOOD
787,good,1035,GOOD
788,good,1035,GOOD
789,good,1035,GOOD
790,good,1035,GOOD
791,good,1035,GOOD
792,good,1035,GOOD
793,good,1035,GOOD
794,good,1035,GOOD
795,good,1035,GOOD
796,good,1035,GOOD
797,good,1035,GOOD
798,good,1035,GOOD
799,good,1035,GOOD
800,good,1035,GOOD
801,good,1035,GOOD
802,good,1035,GOOD
803,good,1035,GOOD
804,good,1035,GOOD
805,good,1035,GOOD
806,good,1035,GOOD
807,good,1035,GOOD
808,good,1035,GOOD
809,hair,1040,HAIR
810,hair,1040,HAIR
811,hair,1040,HAIR
812,hair,1040,HAIR
813,hair,1040,HAIR
814,hair,1040,HAIR
815,hair,1040,HAIR
816,hair,1040,HAIR
817,hair,1040,HAIR
818,hair,1040,HAIR
819,hair,1040,HAIR
820,hair,1040,HAIR
821,hair,1040,HAIR
822,hair,1040,HAIR
823,hair,1040,HAIR
824,hair,1040,HAIR
825,hair,1040,HAIR
826,hair,1040,HAIR
827,hair,1040,HAIR
828,hair,1040,HAIR
829,hair,1040,HAIR
830,hair,1040,HAIR
831,hand,1277,HAND
832,hand,1277,HAND
833,hand,1277,HAND
834,hand,1277,HAND
835,hand,1277,HAND
836,hand,1277,HAND
837,hand,1277,HAND
838,hand,1277,HAND
839,he,1211,HE
840,he,1211,HE
841,he,1211,HE
842,he,1211,HE
843,he,1211,HE
844,he,1211,HE
845,he,1211,HE
846,he,1211,HE
847,he,1211,HE
848,he,1211,HE
849,he,1211,HE
850,he,1211,HE
851,he,1211,HE
852,head,1256,HEAD
853,head,1256,HEAD
854,head,1256,HEAD
855,head,1256,HEAD
856,head,1256,HEAD
857,head,1256,HEAD
858,head,1256,HEAD
859,head,1256,HEAD
860,head,1256,HEAD
861,head,1256,HEAD
862,head,1256,HEAD
863,head,1256,HEAD
864,head,1256,HEAD
865,head,1256,HEAD
866,head,1256,HEAD
867,head,1256,HEAD
868,head,1256,HEAD
869,head,1256,HEAD
870,head,1256,HEAD
871,hear,1408,HEAR
872,hear,1408,HEAR
873,hear,1408,HEAR
874,hear,1408,HEAR
875,hear,1408,HEAR
876,hear,1408,HEAR
877,hear,1408,HEAR
878,hear,1408,HEAR
879,hear,1408,HEAR
880,hear,1408,HEAR
881,hear,1408,HEAR
882,hear,1408,HEAR
883,hear,1408,HEAR
884,heart,1223,HEART
885,heart,1223,HEART
886,heart,1223,HEART
887,heart,1223,HEART
888,heart,1223,HEART
889,heart,1223,HEART
890,heart,1223,HEART
891,heart,1223,HEART
892,heavy,1210,HEAVY
893,heavy,1210,HEAVY
894,heavy,1210,HEAVY
895,heavy,1210,HEAVY
896,heavy,1210,HEAVY
897,heavy,1210,HEAVY
898,heavy,1210,HEAVY
899,heavy,1210,HEAVY
900,heavy,1210,HEAVY
901,heavy,1210,HEAVY
902,heavy,1210,HEAVY
903,heavy,1210,HEAVY
904,heavy,1210,HEAVY
905,here,136,HERE
906,here,136,HERE
907,here,136,HERE
908,here,136,HERE
909,here,136,HERE
910,here,136,HERE
911,here,136,HERE
912,here,136,HERE
913,here,136,HERE
914,here,136,HERE
915,here,136,HERE
916,here,136,HERE
917,here,136,HERE
918,here,136,HERE
919,here,136,HERE
920,here,136,HERE
921,here,136,HERE
922,here,136,HERE
923,here,136,HERE
924,here,136,HERE
925,here,136,HERE
926,here,136,HERE
927,here,136,HERE
928,here,136,HERE
929,hit,1433,HIT
930,hit,1433,HIT
931,hit,1433,HIT
932,hit,1433,HIT
933,hit,1433,HIT
934,hit,1433,HIT
935,hit,1433,HIT
936,hit,1433,HIT
937,hit,1433,HIT
938,hit,1433,HIT
939,hit,1433,HIT
940,hit,1433,HIT
941,hit,1433,HIT
942,hit,1433,HIT
943,hit,1433,HIT
944,hit,1433,HIT
945,hit,1433,HIT
946,hit,1433,HIT
947,hit,1433,HIT
948,hit,1433,HIT
949,hit,1433,HIT
950,hit,1433,HIT
951,hit,1433,HIT
952,hit,1433,HIT
953,hit,1433,HIT
954,hit,1433,HIT
955,hit,1433,HIT
956,hit,1433,HIT
957,hit,1433,HIT
958,hit,1433,HIT
959,hit,1433,HIT
960,hit,1433,HIT
961,hit,1433,HIT
962,hit,1433,HIT
963,hit,1433,HIT
964,hit,1433,HIT
965,hit,1433,HIT
966,hit,1433,HIT
967,hit,1433,HIT
968,hit,1433,HIT
969,hit,1433,HIT
970,how,1239,HOW
971,how,1239,HOW
972,how,1239,HOW
973,how,1239,HOW
974,how,1239,HOW
975,how,1239,HOW
976,how,1239,HOW
977,how,1239,HOW
978,husband,1200,HUSBAND
979,husband,1200,HUSBAND
980,husband,1200,HUSBAND
981,husband,1200,HUSBAND
982,husband,1200,HUSBAND
983,husband,1200,HUSBAND
984,husband,1200,HUSBAND
985,husband,1200,HUSBAND
986,husband,1200,HUSBAND
987,husband,1200,HUSBAND
988,husband,1200,HUSBAND
989,husband,1200,HUSBAND
990,husband,1200,HUSBAND
991,husband,1200,HUSBAND
992,husband,1200,HUSBAND
993,husband,1200,HUSBAND
994,husband,1200,HUSBAND
995,husband,1200,HUSBAND
996,husband,1200,HUSBAND
997,husband,1200,HUSBAND
998,husband,1200,HUSBAND
999,husband,1200,HUSBAND
1000,husband,1200,HUSBAND
1001,husband,1200,HUSBAND
1002,husband,1200,HUSBAND
1003,husband,1200,HUSBAND
1004,husband,1200,HUSBAND
1005,husband,1200,HUSBAND
1006,ice,617,ICE
1007,ice,617,ICE
1008,ice,617,ICE
1009,ice,617,ICE
1010,ice,617,ICE
1011,ice,617,ICE
1012,ice,617,ICE
1013,ice,617,ICE
1014,ice,617,ICE
1015,ice,617,ICE
1016,ice,617,ICE
1017,ice,617,ICE
1018,if,1459,IF
1019,if,1459,IF
1020,if,1459,IF
1021,if,1459,IF
1022,if,1459,IF
1023,if,1459,IF
1024,if,1459,IF
1025,if,1459,IF
1026,if,1459,IF
1027,if,1459,IF
1028,if,1459,IF
1029,if,1459,IF
1030,if,1459,IF
1031,if,1459,IF
1032,if,1459,IF
1033,if,1459,IF
1034,if,1459,IF
1035,if,1459,IF
1036,if,1459,IF
1037,if,1459,IF
1038,if,1459,IF
1039,if,1459,IF
1040,if,1459,IF
1041,kill,1417,KILL
1042,kill,1417,KILL
1043,kill,1417,KILL
1044,kill,1417,KILL
1045,kill,1417,KILL
1046,kill,1417,KILL
1047,kill,1417,KILL
1048,kill,1417,KILL
1049,kill,1417,KILL
1050,kill,1417,KILL
1051,kill,1417,KILL
1052,kill,1417,KILL
1053,kill,1417,KILL
1054,kill,1417,KILL
1055,kill,1417,KILL
1056,kill,1417,KILL
1057,kill,1417,KILL
1058,kill,1417,KILL
1059,kill,1417,KILL
1060,kill,1417,KILL
1061,kill,1417,KILL
1062,kill,1417,KILL
1063,kill,1417,KILL
1064,kill,1417,KILL
1065,kill,1417,KILL
1066,kill,1417,KILL
1067,know,3626,KNOW
1068,know,3626,KNOW
1069,know,3626,KNOW
1070,know,3626,KNOW
1071,know,3626,KNOW
1072,know,3626,KNOW
1073,know,3626,KNOW
1074,know,3626,KNOW
1075,know,3626,KNOW
1076,know,3626,KNOW
1077,know,3626,KNOW
1078,know,3626,KNOW
1079,laugh,1355,LAUGH
1080,laugh,1355,LAUGH
1081,laugh,1355,LAUGH
1082,laugh,1355,LAUGH
1083,laugh,1355,LAUGH
1084,laugh,1355,LAUGH
1085,laugh,1355,LAUGH
1086,laugh,1355,LAUGH
1087,laugh,1355,LAUGH
1088,laugh,1355,LAUGH
1089,laugh,1355,LAUGH
1090,leaf,628,LEAF
1091,leaf,628,LEAF
1092,leaf,628,LEAF
1093,leaf,628,LEAF
1094,leaf,628,LEAF
1095,leaf,628,LEAF
1096,leaf,628,LEAF
1097,leaf,628,LEAF
1098,leaf,628,LEAF
1099,leaf,628,LEAF
1100,leaf,628,LEAF
1101,leaf,628,LEAF
1102,leaf,628,LEAF
1103,leaf,628,LEAF
1104,leg,1297,LEG
1105,leg,1297,LEG
1106,leg,1297,LEG
1107,leg,1297,LEG
1108,leg,1297,LEG
1109,leg,1297,LEG
1110,leg,1297,LEG
1111,leg,1297,LEG
1112,leg,1297,LEG
1113,leg,1297,LEG
1114,leg,1297,LEG
1115,leg,1297,LEG
1116,leg,1297,LEG
1117,leg,1297,LEG
1118,leg,1297,LEG
1119,leg,1297,LEG
1120,leg,1297,LEG
1121,leg,1297,LEG
1122,leg,1297,LEG
1123,leg,1297,LEG
1124,leg,1297,LEG
1125,leg,1297,LEG
1126,lie,1411,LIE (REST)
1127,lie,1411,LIE (REST)
1128,lie,1411,LIE (REST)
1129,lie,1411,LIE (REST)
1130,lie,1411,LIE (REST)
1131,lie,1411,LIE (REST)
1132,lie,1411,LIE (REST)
1133,lie,1411,LIE (REST)
1134,lie,1411,LIE (REST)
1135,lie,1411,LIE (REST)
1136,lie,1411,LIE (REST)
1137,lie,1411,LIE (REST)
1138,lie,1411,LIE (REST)
1139,lie,1411,LIE (REST)
1140,lie,1411,LIE (REST)
1141,lie,1411,LIE (REST)
1142,lie,1411,LIE (REST)
1143,lie,1411,LIE (REST)
1144,lie,1411,LIE (REST)
1145,lie,1411,LIE (REST)
1146,lie,1411,LIE (REST)
1147,lie,1411,LIE (REST)
1148,lie,1411,LIE (REST)
1149,lie,1411,LIE (REST)
1150,lie,1411,LIE (REST)
1151,lie,1411,LIE (REST)
1152,lie,1411,LIE (REST)
1153,live,1422,BE ALIVE
1154,live,1422,BE ALIVE
1155,live,1422,BE ALIVE
1156,live,1422,BE ALIVE
1157,live,1422,BE ALIVE
1158,live,1422,BE ALIVE
1159,live,1422,BE ALIVE
1160,live,1422,BE ALIVE
1161,live,1422,BE ALIVE
1162,live,1422,BE ALIVE
1163,live,1422,BE ALIVE
1164,live,1422,BE ALIVE
1165,long,1203,LONG
1166,long,1203,LONG
1167,long,1203,LONG
1168,long,1203,LONG
1169,long,1203,LONG
1170,long,1203,LONG
1171,long,1203,LONG
1172,long,1203,LONG
1173,long,1203,LONG
1174,man,1554,MAN
1175,man,1554,MAN
1176,man,1554,MAN
1177,man,1554,MAN
1178,man,1554,MAN
1179,man,1554,MAN
1180,man,1554,MAN
1181,man,1554,MAN
1182,man,1554,MAN
1183,man,1554,MAN
1184,man,1554,MAN
1185,man,1554,MAN
1186,man,1554,MAN
1187,man,1554,MAN
1188,man,1554,MAN
1189,man,1554,MAN
1190,many,1198,MANY
1191,many,1198,MANY
1192,many,1198,MANY
1193,many,1198,MANY
1194,many,1198,MANY
1195,many,1198,MANY
1196,many,1198,MANY
1197,many,1198,MANY
1198,many,1198,MANY
1199,many,1198,MANY
1200,many,1198,MANY
1201,many,1198,MANY
1202,many,1198,MANY
1203,many,1198,MANY
1204,many,1198,MANY
1205,many,1198,MANY
1206,many,1198,MANY
1207,many,1198,MANY
1208,many,1198,MANY
1209,many,1198,MANY
1210,many,1198,MANY
1211,many,1198,MANY
1212,many,1198,MANY
1213,many,1198,MANY
1214,many,1198,MANY
1215,many,1198,MANY
1216,many,1198,MANY
1217,many,1198,MANY
1218,many,1198,MANY
1219,mouth,674,MOUTH
1220,mouth,674,MOUTH
1221,mouth,674,MOUTH
1222,mouth,674,MOUTH
1223,mouth,674,MOUTH
1224,mouth,674,MOUTH
1225,mouth,674,MOUTH
1226,mouth,674,MOUTH
1227,mouth,674,MOUTH
1228,mouth,674,MOUTH
1229,mouth,674,MOUTH
1230,mouth,674,MOUTH
1231,mouth,674,MOUTH
1232,name,1405,NAME
1233,near,1942,NEAR
1234,near,1942,NEAR
1235,near,1942,NEAR
1236,near,1942,NEAR
1237,near,1942,NEAR
1238,near,1942,NEAR
1239,near,1942,NEAR
1240,near,1942,NEAR
1241,near,1942,NEAR
1242,near,1942,NEAR
1243,near,1942,NEAR
1244,near,1942,NEAR
1245,near,1942,NEAR
1246,near,1942,NEAR
1247,near,1942,NEAR
1248,near,1942,NEAR
1249,near,1942,NEAR
1250,near,1942,NEAR
1251,near,1942,NEAR
1252,near,1942,NEAR
1253,near,1942,NEAR
1254,near,1942,NEAR
1255,near,1942,NEAR
1256,near,1942,NEAR
1257,near,1942,NEAR
1258,near,1942,NEAR
1259,near,1942,NEAR
1260,near,1942,NEAR
1261,near,1942,NEAR
1262,near,1942,NEAR
1263,near,1942,NEAR
1264,near,1942,NEAR
1265,near,1942,NEAR
1266,near,1942,NEAR
1267,near,1942,NEAR
1268,near,1942,NEAR
1269,near,1942,NEAR
1270,near,1942,NEAR
1271,near,1942,NEAR
1272,near,1942,NEAR
1273,near,1942,NEAR
1274,near,1942,NEAR
1275,near,1942,NEAR
1276,new,1231,NEW
1277,new,1231,NEW
1278,new,1231,NEW
1279,new,1231,NEW
1280,night,1233,NIGHT
1281,night,1233,NIGHT
1282,night,1233,NIGHT
1283,night,1233,NIGHT
1284,night,1233,NIGHT
1285,night,1233,NIGHT
1286,night,1233,NIGHT
1287,night,1233,NIGHT
1288,night,1233,NIGHT
1289,night,1233,NIGHT
1290,night,1233,NIGHT
1291,nose,1221,NOSE
1292,nose,1221,NOSE
1293,nose,1221,NOSE
1294,nose,1221,NOSE
1295,nose,1221,NOSE
1296,nose,1221,NOSE
1297,nose,1221,NOSE
1298,nose,1221,NOSE
1299,nose,1221,NOSE
1300,nose,1221,NOSE
1301,not,1240,NOT
1302,not,1240,NOT
1303,not,1240,NOT
1304,not,1240,NOT
1305,not,1240,NOT
1306,not,1240,NOT
1307,not,1240,NOT
1308,old,1229,OLD
1309,old,1229,OLD
1310,old,1229,OLD
1311,old,1229,OLD
1312,old,1229,OLD
1313,old,1229,OLD
1314,old,1229,OLD
1315,old,1229,OLD
1316,old,1229,OLD
1317,old,1229,OLD
1318,old,1229,OLD
1319,old,1229,OLD
1320,old,1229,OLD
1321,old,1229,OLD
1322,old,1229,OLD
1323,old,1229,OLD
1324,old,1229,OLD
1325,old,1229,OLD
1326,old,1229,OLD
1327,old,1229,OLD
1328,one,1493,ONE
1329,one,1493,ONE
1330,one,1493,ONE
1331,other,197,OTHER
1332,other,197,OTHER
1333,other,197,OTHER
1334,other,197,OTHER
1335,other,197,OTHER
1336,other,197,OTHER
1337,other,197,OTHER
1338,other,197,OTHER
1339,other,197,OTHER
1340,other,197,OTHER
1341,other,197,OTHER
1342,other,197,OTHER
1343,person,683,PERSON
1344,person,683,PERSON
1345,person,683,PERSON
1346,person,683,PERSON
1347,person,683,PERSON
1348,person,683,PERSON
1349,person,683,PERSON
1350,person,683,PERSON
1351,person,683,PERSON
1352,person,683,PERSON
1353,person,683,PERSON
1354,person,683,PERSON
1355,person,683,PERSON
1356,person,683,PERSON
1357,person,683,PERSON
1358,person,683,PERSON
1359,person,683,PERSON
1360,person,683,PERSON
1361,person,683,PERSON
1362,person,683,PERSON
1363,person,683,PERSON
1364,person,683,PERSON
1365,person,683,PERSON
1366,person,683,PERSON
1367,pull,1455,PULL
1368,pull,1455,PULL
1369,pull,1455,PULL
1370,pull,1455,PULL
1371,pull,1455,PULL
1372,pull,1455,PULL
1373,pull,1455,PULL
1374,pull,1455,PULL
1375,pull,1455,PULL
1376,pull,1455,PULL
1377,pull,1455,PULL
1378,pull,1455,PULL
1379,pull,1455,PULL
1380,pull,1455,PULL
1381,pull,1455,PULL
1382,pull,1455,PULL
1383,pull,1455,PULL
1384,pull,1455,PULL
1385,pull,1455,PULL
1386,pull,1455,PULL
1387,pull,1455,PULL
1388,pull,1455,PULL
1389,pull,1455,PULL
1390,pull,1455,PULL
1391,pull,1455,PULL
1392,pull,1455,PULL
1393,pull,1455,PULL
1394,rain,658,RAIN (PRECIPITATION)
1395,rain,658,RAIN (PRECIPITATION)
1396,rain,658,RAIN (PRECIPITATION)
1397,rain,658,RAIN (PRECIPITATION)
1398,rain,658,RAIN (PRECIPITATION)
1399,rain,658,RAIN (PRECIPITATION)
1400,rain,658,RAIN (PRECIPITATION)
1401,rain,658,RAIN (PRECIPITATION)
1402,rain,658,RAIN (PRECIPITATION)
1403,rain,658,RAIN (PRECIPITATION)
1404,rain,658,RAIN (PRECIPITATION)
1405,rain,658,RAIN (PRECIPITATION)
1406,rain,658,RAIN (PRECIPITATION)
1407,rain,658,RAIN (PRECIPITATION)
1408,rain,658,RAIN (PRECIPITATION)
1409,rain,658,RAIN (PRECIPITATION)
1410,red,156,RED
1411,red,156,RED
1412,red,156,RED
1413,red,156,RED
1414,red,156,RED
1415,red,156,RED
1416,red,156,RED
1417,red,156,RED
1418,red,156,RED
1419,red,156,RED
1420,red,156,RED
1421,red,156,RED
1422,red,156,RED
1423,red,156,RED
1424,red,156,RED
1425,rightsid,1019,RIGHT
1426,rightsid,1019,RIGHT
1427,rightsid,1019,RIGHT
1428,rightsid,1019,RIGHT
1429,rightsid,1019,RIGHT
1430,rightsid,1019,RIGHT
1431,rightsid,1019,RIGHT
1432,rightsid,1019,RIGHT
1433,rightsid,1019,RIGHT
1434,rightsid,1019,RIGHT
1435,rightsid,1019,RIGHT
1436,rightsid,1019,RIGHT
1437,rightsid,1019,RIGHT
1438,rightsid,1019,RIGHT
1439,river,666,RIVER
1440,river,666,RIVER
1441,river,666,RIVER
1442,river,666,RIVER
1443,river,666,RIVER
1444,river,666,RIVER
1445,river,666,RIVER
1446,river,666,RIVER
1447,river,666,RIVER
1448,river,666,RIVER
1449,river,666,RIVER
1450,river,666,RIVER
1451,river,666,RIVER
1452,river,666,RIVER
1453,river,666,RIVER
1454,river,666,RIVER
1455,road,667,ROAD
1456,road,667,ROAD
1457,road,667,ROAD
1458,road,667,ROAD
1459,road,667,ROAD
1460,road,667,ROAD
1461,road,667,ROAD
1462,road,667,ROAD
1463,road,667,ROAD
1464,road,667,ROAD
1465,road,667,ROAD
1466,road,667,ROAD
1467,road,667,ROAD
1468,road,667,ROAD
1469,road,667,ROAD
1470,road,667,ROAD
1471,road,667,ROAD
1472,road,667,ROAD
1473,road,667,ROAD
1474,road,667,ROAD
1475,road,667,ROAD
1476,road,667,ROAD
1477,road,667,ROAD
1478,road,667,ROAD
1479,road,667,ROAD
1480,road,667,ROAD
1481,road,667,ROAD
1482,road,667,ROAD
1483,road,667,ROAD
1484,road,667,ROAD
1485,road,667,ROAD
1486,road,667,ROAD
1487,road,667,ROAD
1488,root,670,ROOT
1489,root,670,ROOT
1490,root,670,ROOT
1491,root,670,ROOT
1492,root,670,ROOT
1493,root,670,ROOT
1494,root,670,ROOT
1495,root,670,ROOT
1496,root,670,ROOT
1497,root,670,ROOT
1498,rotten,1728,ROTTEN
1499,rotten,1728,ROTTEN
1500,rotten,1728,ROTTEN
1501,rotten,1728,ROTTEN
1502,rotten,1728,ROTTEN
1503,rotten,1728,ROTTEN
1504,rotten,1728,ROTTEN
1505,rotten,1728,ROTTEN
1506,rotten,1728,ROTTEN
1507,rotten,1728,ROTTEN
1508,rotten,1728,ROTTEN
1509,rotten,1728,ROTTEN
1510,rotten,1728,ROTTEN
1511,rotten,1728,ROTTEN
1512,rotten,1728,ROTTEN
1513,rotten,1728,ROTTEN
1514,rotten,1728,ROTTEN
1515,rotten,1728,ROTTEN
1516,rotten,1728,ROTTEN
1517,rotten,1728,ROTTEN
1518,rotten,1728,ROTTEN
1519,rotten,1728,ROTTEN
1520,rotten,1728,ROTTEN
1521,rotten,1728,ROTTEN
1522,rotten,1728,ROTTEN
1523,rotten,1728,ROTTEN
1524,rotten,1728,ROTTEN
1525,rotten,1728,ROTTEN
1526,rotten,1728,ROTTEN
1527,rotten,1728,ROTTEN
1528,salt,1274,SALT
1529,salt,1274,SALT
1530,salt,1274,SALT
1531,salt,1274,SALT
1532,say,1458,SAY
1533,say,1458,SAY
1534,say,1458,SAY
1535,say,1458,SAY
1536,say,1458,SAY
1537,say,1458,SAY
1538,say,1458,SAY
1539,say,1458,SAY
1540,say,1458,SAY
1541,say,1458,SAY
1542,say,1458,SAY
1543,say,1458,SAY
1544,say,1458,SAY
1545,say,1458,SAY
1546,say,1458,SAY
1547,say,1458,SAY
1548,say,1458,SAY
1549,say,1458,SAY
1550,say,1458,SAY
1551,say,1458,SAY
1552,say,1458,SAY
1553,say,1458,SAY
1554,say,1458,SAY
1555,say,1458,SAY
1556,say,1458,SAY
1557,sea,1474,SEA
1558,sea,1474,SEA
1559,sea,1474,SEA
1560,sea,1474,SEA
1561,sea,1474,SEA
1562,sea,1474,SEA
1563,sea,1474,SEA
1564,sea,1474,SEA
1565,sea,1474,SEA
1566,sea,1474,SEA
1567,sea,1474,SEA
1568,sea,1474,SEA
1569,sea,1474,SEA
1570,sea,1474,SEA
1571,sea,1474,SEA
1572,see,1409,SEE
1573,see,1409,SEE
1574,see,1409,SEE
1575,see,1409,SEE
1576,see,1409,SEE
1577,see,1409,SEE
1578,see,1409,SEE
1579,see,1409,SEE
1580,see,1409,SEE
1581,see,1409,SEE
1582,see,1409,SEE
1583,see,1409,SEE
1584,see,1409,SEE
1585,see,1409,SEE
1586,see,1409,SEE
1587,see,1409,SEE
1588,seed,714,SEED
1589,seed,714,SEED
1590,seed,714,SEED
1591,seed,714,SEED
1592,seed,714,SEED
1593,seed,714,SEED
1594,seed,714,SEED
1595,seed,714,SEED
1596,seed,714,SEED
1597,seed,714,SEED
1598,seed,714,SEED
1599,seed,714,SEED
1600,seed,714,SEED
1601,seed,714,SEED
1602,sharp,1396,SHARP
1603,sharp,1396,SHARP
1604,sharp,1396,SHARP
1605,sharp,1396,SHARP
1606,sharp,1396,SHARP
1607,sharp,1396,SHARP
1608,sharp,1396,SHARP
1609,sharp,1396,SHARP
1610,sharp,1396,SHARP
1611,sharp,1396,SHARP
1612,sharp,1396,SHARP
1613,sharp,1396,SHARP
1614,sharp,1396,SHARP
1615,sharp,1396,SHARP
1616,sharp,1396,SHARP
1617,sharp,1396,SHARP
1618,sharp,1396,SHARP
1619,sharp,1396,SHARP
1620,sharp,1396,SHARP
1621,sharp,1396,SHARP
1622,sharp,1396,SHARP
1623,sharp,1396,SHARP
1624,sharp,1396,SHARP
1625,sharp,1396,SHARP
1626,sharp,1396,SHARP
1627,sharp,1396,SHARP
1628,sharp,1396,SHARP
1629,short,1645,SHORT
1630,short,1645,SHORT
1631,short,1645,SHORT
1632,short,1645,SHORT
1633,short,1645,SHORT
1634,short,1645,SHORT
1635,short,1645,SHORT
1636,short,1645,SHORT
1637,short,1645,SHORT
1638,short,1645,SHORT
1639,short,1645,SHORT
1640,short,1645,SHORT
1641,short,1645,SHORT
1642,short,1645,SHORT
1643,short,1645,SHORT
1644,short,1645,SHORT
1645,short,1645,SHORT
1646,short,1645,SHORT
1647,short,1645,SHORT
1648,sing,1261,SING
1649,sing,1261,SING
1650,sing,1261,SING
1651,sing,1261,SING
1652,sing,1261,SING
1653,sing,1261,SING
1654,sing,1261,SING
1655,sing,1261,SING
1656,sing,1261,SING
1657,sing,1261,SING
1658,sing,1261,SING
1659,sing,1261,SING
1660,sing,1261,SING
1661,sing,1261,SING
1662,sing,1261,SING
1663,sit,1416,SIT
1664,sit,1416,SIT
1665,sit,1416,SIT
1666,sit,1416,SIT
1667,sit,1416,SIT
1668,sit,1416,SIT
1669,sit,1416,SIT
1670,sit,1416,SIT
1671,sit,1416,SIT
1672,skin,763,SKIN
1673,skin,763,SKIN
1674,skin,763,SKIN
1675,skin,763,SKIN
1676,skin,763,SKIN
1677,skin,763,SKIN
1678,skin,763,SKIN
1679,skin,763,SKIN
1680,skin,763,SKIN
1681,skin,763,SKIN
1682,skin,763,SKIN
1683,skin,763,SKIN
1684,skin,763,SKIN
1685,skin,763,SKIN
1686,skin,763,SKIN
1687,skin,763,SKIN
1688,skin,763,SKIN
1689,skin,763,SKIN
1690,skin,763,SKIN
1691,skin,763,SKIN
1692,skin,763,SKIN
1693,sky,1732,SKY
1694,sky,1732,SKY
1695,sky,1732,SKY
1696,sky,1732,SKY
1697,sky,1732,SKY
1698,sky,1732,SKY
1699,sky,1732,SKY
1700,sky,1732,SKY
1701,sky,1732,SKY
1702,sky,1732,SKY
1703,sky,1732,SKY
1704,sky,1732,SKY
1705,sky,1732,SKY
1706,sky,1732,SKY
1707,sky,1732,SKY
1708,sky,1732,SKY
1709,sleep,1585,SLEEP
1710,sleep,1585,SLEEP
1711,sleep,1585,SLEEP
1712,sleep,1585,SLEEP
1713,sleep,1585,SLEEP
1714,sleep,1585,SLEEP
1715,sleep,1585,SLEEP
1716,sleep,1585,SLEEP
1717,sleep,1585,SLEEP
1718,sleep,1585,SLEEP
1719,sleep,1585,SLEEP
1720,sleep,1585,SLEEP
1721,sleep,1585,SLEEP
1722,sleep,1585,SLEEP
1723,sleep,1585,SLEEP
1724,sleep,1585,SLEEP
1725,small,1246,SMALL
1726,small,1246,SMALL
1727,small,1246,SMALL
1728,small,1246,SMALL
1729,small,1246,SMALL
1730,small,1246,SMALL
1731,small,1246,SMALL
1732,small,1246,SMALL
1733,small,1246,SMALL
1734,small,1246,SMALL
1735,small,1246,SMALL
1736,small,1246,SMALL
1737,small,1246,SMALL
1738,small,1246,SMALL
1739,small,1246,SMALL
1740,small,1246,SMALL
1741,small,1246,SMALL
1742,small,1246,SMALL
1743,small,1246,SMALL
1744,small,1246,SMALL
1745,small,1246,SMALL
1746,small,1246,SMALL
1747,small,1246,SMALL
1748,small,1246,SMALL
1749,small,1246,SMALL
1750,small,1246,SMALL
1751,small,1246,SMALL
1752,small,1246,SMALL
1753,small,1246,SMALL
1754,small,1246,SMALL
1755,small,1246,SMALL
1756,small,1246,SMALL
1757,small,1246,SMALL
1758,small,1246,SMALL
1759,smoke,778,SMOKE (EXHAUST)
1760,smoke,778,SMOKE (EXHAUST)
1761,smoke,778,SMOKE (EXHAUST)
1762,smoke,778,SMOKE (EXHAUST)
1763,smoke,778,SMOKE (EXHAUST)
1764,smoke,778,SMOKE (EXHAUST)
1765,smoke,778,SMOKE (EXHAUST)
1766,smoke,778,SMOKE (EXHAUST)
1767,smoke,778,SMOKE (EXHAUST)
1768,snake,730,SNAKE
1769,snake,730,SNAKE
1770,snake,730,SNAKE
1771,snake,730,SNAKE
1772,snake,730,SNAKE
1773,snake,730,SNAKE
1774,snake,730,SNAKE
1775,snake,730,SNAKE
1776,snake,730,SNAKE
1777,snake,730,SNAKE
1778,snake,730,SNAKE
1779,snake,730,SNAKE
1780,snake,730,SNAKE
1781,snake,730,SNAKE
1782,snow,784,SNOW
1783,snow,784,SNOW
1784,snow,784,SNOW
1785,snow,784,SNOW
1786,snow,784,SNOW
1787,snow,784,SNOW
1788,snow,784,SNOW
1789,snow,784,SNOW
1790,spit,1440,SPIT
1791,spit,1440,SPIT
1792,spit,1440,SPIT
1793,spit,1440,SPIT
1794,spit,1440,SPIT
1795,spit,1440,SPIT
1796,spit,1440,SPIT
1797,spit,1440,SPIT
1798,spit,1440,SPIT
1799,spit,1440,SPIT
1800,spit,1440,SPIT
1801,spit,1440,SPIT
1802,spit,1440,SPIT
1803,spit,1440,SPIT
1804,spit,1440,SPIT
1805,spit,1440,SPIT
1806,stand,1442,STAND
1807,stand,1442,STAND
1808,stand,1442,STAND
1809,stand,1442,STAND
1810,stand,1442,STAND
1811,stand,1442,STAND
1812,stand,1442,STAND
1813,stand,1442,STAND
1814,stand,1442,STAND
1815,stand,1442,STAND
1816,stand,1442,STAND
1817,stand,1442,STAND
1818,stand,1442,STAND
1819,stand,1442,STAND
1820,stand,1442,STAND
1821,stand,1442,STAND
1822,stand,1442,STAND
1823,stand,1442,STAND
1824,stand,1442,STAND
1825,stand,1442,STAND
1826,stand,1442,STAND
1827,stand,1442,STAND
1828,star,1430,STAR
1829,star,1430,STAR
1830,star,1430,STAR
1831,star,1430,STAR
1832,star,1430,STAR
1833,star,1430,STAR
1834,stone,857,STONE
1835,stone,857,STONE
1836,stone,857,STONE
1837,stone,857,STONE
1838,stone,857,STONE
1839,stone,857,STONE
1840,stone,857,STONE
1841,stone,857,STONE
1842,stone,857,STONE
1843,stone,857,STONE
1844,stone,857,STONE
1845,stone,857,STONE
1846,stone,857,STONE
1847,stone,857,STONE
1848,stone,857,STONE
1849,stone,857,STONE
1850,stone,857,STONE
1851,stone,857,STONE
1852,stone,857,STONE
1853,stone,857,STONE
1854,stone,857,STONE
1855,sun,1343,SUN
1856,sun,1343,SUN
1857,sun,1343,SUN
1858,sun,1343,SUN
1859,sun,1343,SUN
1860,sun,1343,SUN
1861,swell,1573,SWELL
1862,swell,1573,SWELL
1863,swell,1573,SWELL
1864,swell,1573,SWELL
1865,swell,1573,SWELL
1866,swell,1573,SWELL
1867,swell,1573,SWELL
1868,swell,1573,SWELL
1869,swell,1573,SWELL
1870,swell,1573,SWELL
1871,swell,1573,SWELL
1872,swell,1573,SWELL
1873,swell,1573,SWELL
1874,swell,1573,SWELL
1875,swell,1573,SWELL
1876,that,78,THAT
1877,that,78,THAT
1878,that,78,THAT
1879,that,78,THAT
1880,that,78,THAT
1881,that,78,THAT
1882,that,78,THAT
1883,that,78,THAT
1884,that,78,THAT
1885,that,78,THAT
1886,that,78,THAT
1887,that,78,THAT
1888,that,78,THAT
1889,that,78,THAT
1890,that,78,THAT
1891,that,78,THAT
1892,that,78,THAT
1893,that,78,THAT
1894,that,78,THAT
1895,that,78,THAT
1896,that,78,THAT
1897,that,78,THAT
1898,that,78,THAT
1899,that,78,THAT
1900,that,78,THAT
1901,they,817,THEY
1902,they,817,THEY
1903,they,817,THEY
1904,they,817,THEY
1905,they,817,THEY
1906,they,817,THEY
1907,they,817,THEY
1908,they,817,THEY
1909,they,817,THEY
1910,they,817,THEY
1911,they,817,THEY
1912,they,817,THEY
1913,they,817,THEY
1914,they,817,THEY
1915,this,1214,THIS
1916,this,1214,THIS
1917,this,1214,THIS
1918,this,1214,THIS
1919,this,1214,THIS
1920,this,1214,THIS
1921,this,1214,THIS
1922,this,1214,THIS
1923,this,1214,THIS
1924,this,1214,THIS
1925,this,1214,THIS
1926,thou,1215,THOU
1927,thou,1215,THOU
1928,thou,1215,THOU
1929,thou,1215,THOU
1930,thou,1215,THOU
1931,thou,1215,THOU
1932,three,492,THREE
1933,throw,1456,THROW
1934,throw,1456,THROW
1935,throw,1456,THROW
1936,throw,1456,THROW
1937,throw,1456,THROW
1938,throw,1456,THROW
1939,throw,1456,THROW
1940,throw,1456,THROW
1941,throw,1456,THROW
1942,throw,1456,THROW
1943,throw,1456,THROW
1944,throw,1456,THROW
1945,throw,1456,THROW
1946,throw,1456,THROW
1947,throw,1456,THROW
1948,throw,1456,THROW
1949,throw,1456,THROW
1950,throw,1456,THROW
1951,throw,1456,THROW
1952,throw,1456,THROW
1953,throw,1456,THROW
1954,throw,1456,THROW
1955,throw,1456,THROW
1956,throw,1456,THROW
1957,throw,1456,THROW
1958,throw,1456,THROW
1959,throw,1456,THROW
1960,throw,1456,THROW
1961,throw,1456,THROW
1962,throw,1456,THROW
1963,throw,1456,THROW
1964,throw,1456,THROW
1965,throw,1456,THROW
1966,throw,1456,THROW
1967,throw,1456,THROW
1968,throw,1456,THROW
1969,throw,1456,THROW
1970,throw,1456,THROW
1971,throw,1456,THROW
1972,throw,1456,THROW
1973,throw,1456,THROW
1974,tie,1917,TIE
1975,tie,1917,TIE
1976,tie,1917,TIE
1977,tie,1917,TIE
1978,tie,1917,TIE
1979,tie,1917,TIE
1980,tie,1917,TIE
1981,tie,1917,TIE
1982,tie,1917,TIE
1983,tie,1917,TIE
1984,tie,1917,TIE
1985,tie,1917,TIE
1986,tie,1917,TIE
1987,tie,1917,TIE
1988,tie,1917,TIE
1989,tie,1917,TIE
1990,tie,1917,TIE
1991,tie,1917,TIE
1992,tie,1917,TIE
1993,tie,1917,TIE
1994,tie,1917,TIE
1995,tie,1917,TIE
1996,tongue,1205,TONGUE
1997,tongue,1205,TONGUE
1998,tongue,1205,TONGUE
1999,tooth,1380,TOOTH
2000,tooth,1380,TOOTH
2001,tooth,1380,TOOTH
2002,tooth,1380,TOOTH
2003,tooth,1380,TOOTH
2004,tooth,1380,TOOTH
2005,tree,906,TREE
2006,tree,906,TREE
2007,tree,906,TREE
2008,tree,906,TREE
2009,tree,906,TREE
2010,tree,906,TREE
2011,tree,906,TREE
2012,tree,906,TREE
2013,tree,906,TREE
2014,tree,906,TREE
2015,tree,906,TREE
2016,tree,906,TREE
2017,tree,906,TREE
2018,tree,906,TREE
2019,tree,906,TREE
2020,tree,906,TREE
2021,tree,906,TREE
2022,tree,906,TREE
2023,tree,906,TREE
2024,tree,906,TREE
2025,tree,906,TREE
2026,tree,906,TREE
2027,two,1498,TWO
2028,walk,1443,WALK
2029,walk,1443,WALK
2030,walk,1443,WALK
2031,walk,1443,WALK
2032,walk,1443,WALK
2033,walk,1443,WALK
2034,walk,1443,WALK
2035,walk,1443,WALK
2036,walk,1443,WALK
2037,walk,1443,WALK
2038,walk,1443,WALK
2039,walk,1443,WALK
2040,walk,1443,WALK
2041,walk,1443,WALK
2042,walk,1443,WALK
2043,walk,1443,WALK
2044,walk,1443,WALK
2045,walk,1443,WALK
2046,walk,1443,WALK
2047,walk,1443,WALK
2048,walk,1443,WALK
2049,walk,1443,WALK
2050,walk,1443,WALK
2051,walk,1443,WALK
2052,walk,1443,WALK
2053,walk,1443,WALK
2054,walk,1443,WALK
2055,walk,1443,WALK
2056,walk,1443,WALK
2057,walk,1443,WALK
2058,walk,1443,WALK
2059,walk,1443,WALK
2060,walk,1443,WALK
2061,walk,1443,WALK
2062,walk,1443,WALK
2063,walk,1443,WALK
2064,walk,1443,WALK
2065,walk,1443,WALK
2066,warm,1232,WARM
2067,warm,1232,WARM
2068,warm,1232,WARM
2069,warm,1232,WARM
2070,warm,1232,WARM
2071,warm,1232,WARM
2072,warm,1232,WARM
2073,warm,1232,WARM
2074,warm,1232,WARM
2075,warm,1232,WARM
2076,warm,1232,WARM
2077,warm,1232,WARM
2078,warm,1232,WARM
2079,warm,1232,WARM
2080,warm,1232,WARM
2081,warm,1232,WARM
2082,warm,1232,WARM
2083,warm,1232,WARM
2084,warm,1232,WARM
2085,wash,1453,WASH
2086,wash,1453,WASH
2087,wash,1453,WASH
2088,wash,1453,WASH
2089,wash,1453,WASH
2090,wash,1453,WASH
2091,wash,1453,WASH
2092,wash,1453,WASH
2093,wash,1453,WASH
2094,wash,1453,WASH
2095,wash,1453,WASH
2096,wash,1453,WASH
2097,wash,1453,WASH
2098,wash,1453,WASH
2099,wash,1453,WASH
2100,wash,1453,WASH
2101,wash,1453,WASH
2102,water,948,WATER
2103,water,948,WATER
2104,water,948,WATER
2105,water,948,WATER
2106,water,948,WATER
2107,water,948,WATER
2108,water,948,WATER
2109,water,948,WATER
2110,water,948,WATER
2111,water,948,WATER
2112,we,1212,WE
2113,we,1212,WE
2114,wet,1726,WET
2115,wet,1726,WET
2116,wet,1726,WET
2117,wet,1726,WET
2118,wet,1726,WET
2119,wet,1726,WET
2120,wet,1726,WET
2121,wet,1726,WET
2122,wet,1726,WET
2123,wet,1726,WET
2124,wet,1726,WET
2125,wet,1726,WET
2126,wet,1726,WET
2127,wet,1726,WET
2128,wet,1726,WET
2129,wet,1726,WET
2130,wet,1726,WET
2131,wet,1726,WET
2132,wet,1726,WET
2133,wet,1726,WET
2134,wet,1726,WET
2135,wet,1726,WET
2136,wet,1726,WET
2137,wet,1726,WET
2138,wet,1726,WET
2139,wet,1726,WET
2140,wet,1726,WET
2141,wet,1726,WET
2142,wet,1726,WET
2143,what,1236,WHAT
2144,what,1236,WHAT
2145,what,1236,WHAT
2146,what,1236,WHAT
2147,what,1236,WHAT
2148,when,1238,WHEN
2149,when,1238,WHEN
2150,when,1238,WHEN
2151,when,1238,WHEN
2152,when,1238,WHEN
2153,when,1238,WHEN
2154,when,1238,WHEN
2155,where,1237,WHERE
2156,where,1237,WHERE
2157,where,1237,WHERE
2158,where,1237,WHERE
2159,where,1237,WHERE
2160,where,1237,WHERE
2161,where,1237,WHERE
2162,where,1237,WHERE
2163,white,1335,WHITE
2164,white,1335,WHITE
2165,white,1335,WHITE
2166,white,1335,WHITE
2167,white,1335,WHITE
2168,white,1335,WHITE
2169,white,1335,WHITE
2170,white,1335,WHITE
2171,white,1335,WHITE
2172,white,1335,WHITE
2173,white,1335,WHITE
2174,white,1335,WHITE
2175,white,1335,WHITE
2176,white,1335,WHITE
2177,white,1335,WHITE
2178,white,1335,WHITE
2179,white,1335,WHITE
2180,white,1335,WHITE
2181,white,1335,WHITE
2182,white,1335,WHITE
2183,white,1335,WHITE
2184,who,1235,WHO
2185,wide,1243,WIDE
2186,wide,1243,WIDE
2187,wide,1243,WIDE
2188,wide,1243,WIDE
2189,wide,1243,WIDE
2190,wide,1243,WIDE
2191,wide,1243,WIDE
2192,wide,1243,WIDE
2193,wide,1243,WIDE
2194,wide,1243,WIDE
2195,wide,1243,WIDE
2196,wide,1243,WIDE
2197,wide,1243,WIDE
2198,wide,1243,WIDE
2199,wide,1243,WIDE
2200,wide,1243,WIDE
2201,wide,1243,WIDE
2202,wide,1243,WIDE
2203,wife,1199,WIFE
2204,wife,1199,WIFE
2205,wife,1199,WIFE
2206,wife,1199,WIFE
2207,wife,1199,WIFE
2208,wife,1199,WIFE
2209,wife,1199,WIFE
2210,wife,1199,WIFE
2211,wife,1199,WIFE
2212,wife,1199,WIFE
2213,wife,1199,WIFE
2214,wife,1199,WIFE
2215,wife,1199,WIFE
2216,wife,1199,WIFE
2217,wife,1199,WIFE
2218,wife,1199,WIFE
2219,wife,1199,WIFE
2220,wife,1199,WIFE
2221,wife,1199,WIFE
2222,wife,1199,WIFE
2223,wife,1199,WIFE
2224,wife,1199,WIFE
2225,wife,1199,WIFE
2226,wife,1199,WIFE
2227,wife,1199,WIFE
2228,wife,1199,WIFE
2229,wife,1199,WIFE
2230,wife,1199,WIFE
2231,wife,1199,WIFE
2232,wife,1199,WIFE
2233,wife,1199,WIFE
2234,wife,1199,WIFE
2235,wind,960,WIND
2236,wind,960,WIND
2237,wind,960,WIND
2238,wind,960,WIND
2239,wind,960,WIND
2240,wind,960,WIND
2241,wind,960,WIND
2242,wind,960,WIND
2243,wind,960,WIND
2244,wind,960,WIND
2245,wind,960,WIND
2246,wind,960,WIND
2247,wind,960,WIND
2248,wind,960,WIND
2249,wind,960,WIND
2250,with,1340,WITH
2251,with,1340,WITH
2252,with,1340,WITH
2253,with,1340,WITH
2254,with,1340,WITH
2255,with,1340,WITH
2256,with,1340,WITH
2257,with,1340,WITH
2258,with,1340,WITH
2259,with,1340,WITH
2260,with,1340,WITH
2261,with,1340,WITH
2262,with,1340,WITH
2263,with,1340,WITH
2264,with,1340,WITH
2265,woman,962,WOMAN
2266,woman,962,WOMAN
2267,woman,962,WOMAN
2268,woman,962,WOMAN
2269,woman,962,WOMAN
2270,woman,962,WOMAN
2271,woman,962,WOMAN
2272,woman,962,WOMAN
2273,woman,962,WOMAN
2274,woman,962,WOMAN
2275,woman,962,WOMAN
2276,woman,962,WOMAN
2277,woman,962,WOMAN
2278,woman,962,WOMAN
2279,woman,962,WOMAN
2280,woman,962,WOMAN
2281,woman,962,WOMAN
2282,woman,962,WOMAN
2283,woman,962,WOMAN
2284,woman,962,WOMAN
2285,woman,962,WOMAN
2286,woods,420,FOREST
2287,woods,420,FOREST
2288,woods,420,FOREST
2289,woods,420,FOREST
2290,woods,420,FOREST
2291,woods,420,FOREST
2292,woods,420,FOREST
2293,woods,420,FOREST
2294,woods,420,FOREST
2295,woods,420,FOREST
2296,woods,420,FOREST
2297,woods,420,FOREST
2298,woods,420,FOREST
2299,woods,420,FOREST
2300,woods,420,FOREST
2301,woods,420,FOREST
2302,woods,420,FOREST
2303,woods,420,FOREST
2304,woods,420,FOREST
2305,woods,420,FOREST
2306,woods,420,FOREST
2307,woods,420,FOREST
2308,woods,420,FOREST
2309,woods,420,FOREST
2310,woods,420,FOREST
2311,woods,420,FOREST
2312,year,1226,YEAR
2313,year,1226,YEAR
2314,year,1226,YEAR
2315,year,1226,YEAR
2316,year,1226,YEAR
2317,year,1226,YEAR
2318,year,1226,YEAR
2319,year,1226,YEAR
2320,year,1226,YEAR
2321,year,1226,YEAR
2322,year,1226,YEAR
2323,yellow,1424,YELLOW
2324,yellow,1424,YELLOW
2325,yellow,1424,YELLOW
2326,yellow,1424,YELLOW
2327,yellow,1424,YELLOW
2328,yellow,1424,YELLOW
2329,yellow,1424,YELLOW
2330,yellow,1424,YELLOW
2331,yellow,1424,YELLOW
2332,yellow,1424,YELLOW
2333,yellow,1424,YELLOW
2334,yellow,1424,YELLOW
2335,yellow,1424,YELLOW
2336,yellow,1424,YELLOW
2337,yellow,1424,YELLOW
2338,yellow,1424,YELLOW
2339,yellow,1424,YELLOW
2340,you,1213,YOU
2341,you,1213,YOU
2342,you,1213,YOU
2343,you,1213,YOU
2344,you,1213,YOU
2345,you,1213,YOU
2346,you,1213,YOU
2347,you,1213,YOU
2348,you,1213,YOU
2349,you,1213,YOU
2350,you,1213,YOU
